{
  "instrinsics": {
    "f": 640.0000000000001,
    "Cx": 640.0,
    "Cy": 360.0
  },
  "cams": [
    {
      "id": 0,
      "x": 193.04466247558594,
      "y": -257.2019958496094,
      "z": 7.6563401222229,
      "pitch": -43.125633239746094,
      "roll": 2.5735223971423693e-05,
      "yaw": 50.72932815551758
    }
  ]
}
